{"sections":{"slideshow_83bQ6c":{"type":"slideshow","blocks":{"slide_mkeE9q":{"type":"slide","settings":{"image":"shopify:\/\/shop_images\/animals-and-pet-supplies-natural-2-middle.jpg","image_overlay_opacity":0,"heading":"<strong>Happy Pets Start Here.<\/strong>","heading_size":"h1","subheading":"Shop our selection of premium pet supplies for a joyful companion.","button_label":"Shop","link":"shopify:\/\/collections\/all","button_style_secondary":true,"show_text_box":true,"box_align":"middle-left","text_alignment":"center","text_alignment_mobile":"center","color_scheme":""}},"slide_pgJ6Ep":{"type":"slide","settings":{"image":"shopify:\/\/shop_images\/pexels-dio-arapogiannis-40036220-7254545.jpg","image_overlay_opacity":0,"heading":"<strong>Pet Perfection.<\/strong>","heading_size":"h1","subheading":"Find everything you need to enhance your pet's life in one place.","button_label":"Shop","link":"shopify:\/\/collections\/all","button_style_secondary":false,"show_text_box":true,"box_align":"middle-left","text_alignment":"center","text_alignment_mobile":"center","color_scheme":""}}},"block_order":["slide_mkeE9q","slide_pgJ6Ep"],"settings":{"layout":"full_bleed","slide_height":"medium","slider_visual":"dots","auto_rotate":false,"change_slides_speed":5,"image_behavior":"none","show_text_below":true,"accessibility_info":"Slideshow about our brand"}},"featured_collection":{"type":"featured-collection","custom_css":[],"settings":{"collection":"all","products_to_show":4,"title":"Featured products","heading_size":"h1","description":"","show_description":false,"description_style":"body","columns_desktop":4,"enable_desktop_slider":true,"full_width":false,"show_view_all":true,"view_all_style":"link","color_scheme":"background-1","image_ratio":"adapt","image_shape":"default","show_secondary_image":true,"show_vendor":false,"show_rating":false,"quick_add":"none","columns_mobile":"2","swipe_on_mobile":false,"padding_top":36,"padding_bottom":36}}},"order":["slideshow_83bQ6c","featured_collection"]}